lr-AdamW,step,val/loss_reg,val/mse_reg,val/r2_reg,val/pearson_reg,epoch,train/loss_reg,train/mse_reg,train/r2_reg,train/pearson_reg
0.001,0,,,,,,,,,
,126,0.35588347911834717,0.713218092918396,0.16209818422794342,0.4129929542541504,0,,,,
,126,,,,,0,0.4037516713142395,0.8241927623748779,0.028452763333916664,0.17197901010513306
0.001,127,,,,,,,,,
,253,0.26040157675743103,0.48262616991996765,0.4322011172771454,0.8034271001815796,1,,,,
,253,,,,,1,0.30097055435180664,0.5914753675460815,0.302344411611557,0.5891362428665161
0.001,254,,,,,,,,,
,380,0.12655170261859894,0.22994916141033173,0.7294652462005615,0.8630343675613403,2,,,,
,380,,,,,2,0.18171243369579315,0.3358169198036194,0.6040353775024414,0.7896153330802917
0.001,381,,,,,,,,,
,507,0.12583741545677185,0.22856725752353668,0.7311447858810425,0.8759675621986389,3,,,,
,507,,,,,3,0.14929749071598053,0.2712632119655609,0.6798140406608582,0.8296790719032288
0.001,508,,,,,,,,,
,634,0.11412201821804047,0.206833615899086,0.7567057609558105,0.877656877040863,4,,,,
,634,,,,,4,0.1404750645160675,0.25482475757598877,0.6994217038154602,0.8417032957077026
0.001,635,,,,,,,,,
,761,0.11888394504785538,0.2157699316740036,0.7461985945701599,0.8806858658790588,5,,,,
,761,,,,,5,0.13462881743907928,0.2439732700586319,0.7119541168212891,0.8480549454689026
0.001,762,,,,,,,,,
,888,0.11733792722225189,0.21283361315727234,0.7496299743652344,0.8804189562797546,6,,,,
,888,,,,,6,0.13024234771728516,0.23593920469284058,0.7216596007347107,0.8522334694862366
0.001,889,,,,,,,,,
,1015,0.13032914698123932,0.23678596317768097,0.7214434146881104,0.8805932998657227,7,,,,
,1015,,,,,7,0.12783455848693848,0.23140661418437958,0.7269948124885559,0.8550737500190735
0.001,1016,,,,,,,,,
,1142,0.11242233216762543,0.20354382693767548,0.7605751156806946,0.8828476667404175,8,,,,
,1142,,,,,8,0.12647341191768646,0.2289246767759323,0.7299716472625732,0.8576118350028992
0.001,1143,,,,,,,,,
,1269,0.11267854273319244,0.20414839684963226,0.7598639726638794,0.8823407292366028,9,,,,
,1269,,,,,9,0.12378790229558945,0.22396187484264374,0.7357556819915771,0.85956209897995
0.001,1270,,,,,,,,,
,1396,0.1279124915599823,0.23218688368797302,0.7268447279930115,0.8805539011955261,10,,,,
,1396,,,,,10,0.12356039136648178,0.22356824576854706,0.7362528443336487,0.8610470294952393
0.001,1397,,,,,,,,,
,1523,0.11441288143396378,0.20726171135902405,0.7562069296836853,0.8812674880027771,11,,,,
,1523,,,,,11,0.12329074740409851,0.22290682792663574,0.7369075417518616,0.8614627122879028
0.001,1524,,,,,,,,,
,1650,0.11332844197750092,0.20510120689868927,0.7587135434150696,0.882797122001648,12,,,,
,1650,,,,,12,0.1203288733959198,0.21765771508216858,0.7432077527046204,0.8632123470306396
0.001,1651,,,,,,,,,
,1777,0.118001788854599,0.21394892036914825,0.7483351826667786,0.8830193281173706,13,,,,
,1777,,,,,13,0.11998285353183746,0.217026025056839,0.7439712285995483,0.8639306426048279
0.001,1778,,,,,,,,,
,1904,0.11611619591712952,0.2101304829120636,0.7528013586997986,0.8836694359779358,14,,,,
,1904,,,,,14,0.12012610584497452,0.21728157997131348,0.7435442805290222,0.8642877340316772
0.001,1905,,,,,,,,,
,2031,0.11344277858734131,0.2053447961807251,0.7584389448165894,0.882969856262207,15,,,,
,2031,,,,,15,0.11928201466798782,0.21573227643966675,0.7455160617828369,0.865504264831543
0.001,2032,,,,,,,,,
,2158,0.1128806322813034,0.20430169999599457,0.7596808075904846,0.8837687373161316,16,,,,
,2158,,,,,16,0.11827690899372101,0.21386490762233734,0.7476558089256287,0.8658938407897949
0.001,2159,,,,,,,,,
,2285,0.10565336793661118,0.19098998606204987,0.7753419876098633,0.8836351633071899,17,,,,
,2285,,,,,17,0.1176590695977211,0.21260672807693481,0.7491061091423035,0.8670191764831543
0.001,2286,,,,,,,,,
,2412,0.10899624228477478,0.19720245897769928,0.7680203318595886,0.8835083842277527,18,,,,
,2412,,,,,18,0.1180846244096756,0.213577002286911,0.747935950756073,0.8669618964195251
0.001,2413,,,,,,,,,
,2539,0.10914779454469681,0.1975223869085312,0.7676703333854675,0.8843349814414978,19,,,,
,2539,,,,,19,0.11774017661809921,0.21287500858306885,0.7487542629241943,0.8674063682556152
0.001,2540,,,,,,,,,
,2666,0.12182950228452682,0.22103196382522583,0.7400081753730774,0.8839194178581238,20,,,,
,2666,,,,,20,0.11613758653402328,0.2100062221288681,0.752310037612915,0.8683868646621704
0.001,2667,,,,,,,,,
,2793,0.10756295174360275,0.19467736780643463,0.7710270285606384,0.8837626576423645,21,,,,
,2793,,,,,21,0.11658024787902832,0.21075905859470367,0.7512482404708862,0.8686703443527222
0.001,2794,,,,,,,,,
,2920,0.11014211177825928,0.199417844414711,0.765435516834259,0.8845329284667969,22,,,,
,2920,,,,,22,0.11605691909790039,0.20981895923614502,0.7524513602256775,0.8690288066864014
0.001,2921,,,,,,,,,
,3047,0.11116614937782288,0.2012840211391449,0.7632384896278381,0.8849557638168335,23,,,,
,3047,,,,,23,0.11580391228199005,0.20938418805599213,0.7530081868171692,0.8693317770957947
0.001,3048,,,,,,,,,
,3174,0.10320597141981125,0.18660739064216614,0.7805531620979309,0.8843916058540344,24,,,,
,3174,,,,,24,0.1159067451953888,0.20948608219623566,0.7526835799217224,0.8697656393051147
0.001,3175,,,,,,,,,
,3301,0.11104302108287811,0.20093131065368652,0.7636383771896362,0.8833597898483276,25,,,,
,3301,,,,,25,0.11447685211896896,0.206899955868721,0.7558377981185913,0.87032550573349
0.001,3302,,,,,,,,,
,3428,0.11526311933994293,0.20809687674045563,0.7551597952842712,0.8831960558891296,26,,,,
,3428,,,,,26,0.11494886875152588,0.2077990174293518,0.7547895908355713,0.8704962134361267
0.001,3429,,,,,,,,,
,3555,0.10833702236413956,0.1959870606660843,0.7694701552391052,0.8848652243614197,27,,,,
,3555,,,,,27,0.11479620635509491,0.20748618245124817,0.7550765872001648,0.8704555630683899
0.001,3556,,,,,,,,,
,3682,0.11105138063430786,0.20058570802211761,0.763999342918396,0.8827887177467346,28,,,,
,3682,,,,,28,0.1141255795955658,0.20632176101207733,0.7565878629684448,0.8709678649902344
0.001,3683,,,,,,,,,
,3809,0.10674144327640533,0.1929558515548706,0.7730334997177124,0.8845608830451965,29,,,,
,3809,,,,,29,0.11435436457395554,0.20664504170417786,0.7561295032501221,0.8713551163673401
0.001,3810,,,,,,,,,
,3936,0.10626517236232758,0.19204874336719513,0.7740999460220337,0.8850393295288086,30,,,,
,3936,,,,,30,0.11413276940584183,0.2063407301902771,0.7565909624099731,0.8714843392372131
0.001,3937,,,,,,,,,
,4063,0.10887614637613297,0.19689777493476868,0.7683886289596558,0.8841754794120789,31,,,,
,4063,,,,,31,0.11364274471998215,0.20536363124847412,0.757723331451416,0.8719021677970886
0.001,4064,,,,,,,,,
,4190,0.11493739485740662,0.2077997475862503,0.7555464506149292,0.8854026794433594,32,,,,
,4190,,,,,32,0.11346598714590073,0.20509105920791626,0.7579428553581238,0.872072696685791
0.001,4191,,,,,,,,,
,4317,0.11364679038524628,0.20529945194721222,0.7584598064422607,0.8844794631004333,33,,,,
,4317,,,,,33,0.11349938809871674,0.20515702664852142,0.7579044699668884,0.8719953298568726
0.001,4318,,,,,,,,,
,4444,0.10390371829271317,0.1878919154405594,0.7790223956108093,0.8842836618423462,34,,,,
,4444,,,,,34,0.11303681880235672,0.2042146772146225,0.7589587569236755,0.8726127743721008
0.001,4445,,,,,,,,,
,4571,0.10716696828603745,0.19371850788593292,0.7721423506736755,0.885390043258667,35,,,,
,4571,,,,,35,0.11382487416267395,0.20580624043941498,0.7570799589157104,0.8724350333213806
0.001,4572,,,,,,,,,
,4698,0.11219274997711182,0.20273958146572113,0.7615044713020325,0.8845272064208984,36,,,,
,4698,,,,,36,0.11276689916849136,0.20376072824001312,0.7595177888870239,0.8728958964347839
0.001,4699,,,,,,,,,
,4825,0.11859738826751709,0.21435394883155823,0.7478343844413757,0.8852865695953369,37,,,,
,4825,,,,,37,0.11293761432170868,0.20404857397079468,0.7591181397438049,0.8727154731750488
0.001,4826,,,,,,,,,
,4952,0.10504858195781708,0.1898188441991806,0.7767372727394104,0.8849570155143738,38,,,,
,4952,,,,,38,0.11241067945957184,0.20315629243850708,0.7603500485420227,0.8731582760810852
0.001,4953,,,,,,,,,
,5079,0.10676898807287216,0.1931692361831665,0.7727997303009033,0.8850712776184082,39,,,,
,5079,,,,,39,0.11216196417808533,0.2026708573102951,0.7607243657112122,0.8732688426971436
0.001,5080,,,,,,,,,
,5206,0.11332932114601135,0.20519688725471497,0.7586353421211243,0.885202169418335,40,,,,
,5206,,,,,40,0.11241541802883148,0.20319581031799316,0.7601960897445679,0.8730653524398804
0.001,5207,,,,,,,,,
,5333,0.10944365710020065,0.19802385568618774,0.7670681476593018,0.8847177028656006,41,,,,
,5333,,,,,41,0.11222348362207413,0.20275284349918365,0.7607104182243347,0.8732600212097168
0.001,5334,,,,,,,,,
,5460,0.10663934797048569,0.19287368655204773,0.7731429934501648,0.8847957849502563,42,,,,
,5460,,,,,42,0.1124132052063942,0.20321670174598694,0.7602255940437317,0.8734034299850464
0.001,5461,,,,,,,,,
,5587,0.10542825609445572,0.19060856103897095,0.7758117914199829,0.8858304023742676,43,,,,
,5587,,,,,43,0.1117844507098198,0.20210029184818268,0.7616032361984253,0.8736332058906555
0.001,5588,,,,,,,,,
,5714,0.10686745494604111,0.19305741786956787,0.7729169726371765,0.8856258988380432,44,,,,
,5714,,,,,44,0.11165422201156616,0.2017257958650589,0.7619500756263733,0.8740414381027222
0.001,5715,,,,,,,,,
,5841,0.11803838610649109,0.2136019617319107,0.7487092018127441,0.8844308853149414,45,,,,
,5841,,,,,45,0.11157787591218948,0.20168326795101166,0.7619724869728088,0.873910129070282
0.001,5842,,,,,,,,,
,5968,0.10542236268520355,0.1906256526708603,0.7757713198661804,0.8853501677513123,46,,,,
,5968,,,,,46,0.1115667074918747,0.20160049200057983,0.762166440486908,0.874150812625885
0.001,5969,,,,,,,,,
,6095,0.10656698048114777,0.19253957271575928,0.7735201120376587,0.8855970501899719,47,,,,
,6095,,,,,47,0.11192958801984787,0.20233838260173798,0.7612344026565552,0.8739802241325378
0.001,6096,,,,,,,,,
,6222,0.10604175180196762,0.19178315997123718,0.7744306325912476,0.8849536776542664,48,,,,
,6222,,,,,48,0.11117849498987198,0.2009405493736267,0.7628976106643677,0.874482274055481
0.001,6223,,,,,,,,,
,6349,0.10585516691207886,0.1913142055273056,0.7749743461608887,0.8848674297332764,49,,,,
,6349,,,,,49,0.11093349009752274,0.20046213269233704,0.7635636925697327,0.8745762705802917
0.001,6350,,,,,,,,,
,6476,0.11687326431274414,0.21114064753055573,0.7515944242477417,0.8854698538780212,50,,,,
,6476,,,,,50,0.11078490316867828,0.20020557940006256,0.7637585401535034,0.8748055100440979
0.001,6477,,,,,,,,,
,6603,0.104710653424263,0.18923933804035187,0.777417778968811,0.8860161900520325,51,,,,
,6603,,,,,51,0.11110679060220718,0.20082439482212067,0.7630466222763062,0.8745838403701782
0.001,6604,,,,,,,,,
,6730,0.11217231303453445,0.20277762413024902,0.7614468932151794,0.8843128681182861,52,,,,
,6730,,,,,52,0.11117130517959595,0.20089367032051086,0.7627974152565002,0.8744090795516968
0.001,6731,,,,,,,,,
,6857,0.1170816570520401,0.2116224616765976,0.7510404586791992,0.8853968381881714,53,,,,
,6857,,,,,53,0.11118632555007935,0.20096026360988617,0.7628530263900757,0.874791145324707
0.001,6858,,,,,,,,,
,6984,0.1062312126159668,0.192040354013443,0.7741131782531738,0.8856672048568726,54,,,,
,6984,,,,,54,0.11027335375547409,0.19922873377799988,0.7649403810501099,0.8753557801246643
0.001,6985,,,,,,,,,
,7111,0.10826209932565689,0.19554924964904785,0.7699777483940125,0.8838122487068176,55,,,,
,7111,,,,,55,0.11101899296045303,0.20067302882671356,0.7631346583366394,0.8746479153633118
0.001,7112,,,,,,,,,
,7238,0.10602551698684692,0.19155184924602509,0.7746754288673401,0.8856405019760132,56,,,,
,7238,,,,,56,0.11074648797512054,0.2000594288110733,0.7638776898384094,0.8749292492866516
0.001,7239,,,,,,,,,
,7365,0.10591675341129303,0.1912810504436493,0.775008499622345,0.8858594298362732,57,,,,
,7365,,,,,57,0.11098360270261765,0.20049314200878143,0.7634031772613525,0.8750337958335876
0.001,7366,,,,,,,,,
,7492,0.10714808106422424,0.19371670484542847,0.7721395492553711,0.8860174417495728,58,,,,
,7492,,,,,58,0.11032734811306,0.19935056567192078,0.7647615671157837,0.8752104043960571
0.001,7493,,,,,,,,,
,7619,0.10926647484302521,0.19753257930278778,0.7676331400871277,0.8860419988632202,59,,,,
,7619,,,,,59,0.11051379144191742,0.1996956467628479,0.7642067670822144,0.8752119541168213
0.001,7620,,,,,,,,,
,7746,0.10462764650583267,0.18899983167648315,0.7776976823806763,0.8854571580886841,60,,,,
,7746,,,,,60,0.11015629768371582,0.19895899295806885,0.7653431296348572,0.8756434917449951
0.001,7747,,,,,,,,,
,7873,0.1061842292547226,0.19187168776988983,0.7743083238601685,0.8851959705352783,61,,,,
,7873,,,,,61,0.11058873683214188,0.1998288631439209,0.7641290426254272,0.8752791881561279
0.001,7874,,,,,,,,,
,8000,0.10469779372215271,0.1891770213842392,0.7774894833564758,0.8855472207069397,62,,,,
,8000,,,,,62,0.11000149697065353,0.1988033950328827,0.7654523253440857,0.8756911754608154
0.001,8001,,,,,,,,,
,8127,0.10451577603816986,0.18879425525665283,0.7779353260993958,0.8856574892997742,63,,,,
,8127,,,,,63,0.11010272800922394,0.19890442490577698,0.7652478218078613,0.8758345246315002
0.001,8128,,,,,,,,,
,8254,0.10324621200561523,0.18658383190631866,0.7805576920509338,0.8853713870048523,64,,,,
,8254,,,,,64,0.11024599522352219,0.19915659725666046,0.764971137046814,0.8757544159889221
0.001,8255,,,,,,,,,
,8381,0.10739202052354813,0.1938987672328949,0.7719042897224426,0.8859540820121765,65,,,,
,8381,,,,,65,0.1101405918598175,0.1990049183368683,0.7651533484458923,0.8757626414299011
0.001,8382,,,,,,,,,
,8508,0.10374279320240021,0.18732638657093048,0.7796697616577148,0.8863393068313599,66,,,,
,8508,,,,,66,0.11007214337587357,0.1988593339920044,0.7653457522392273,0.8757805824279785
0.001,8509,,,,,,,,,
,8635,0.10463852435350418,0.18898241221904755,0.7777107954025269,0.8861753344535828,67,,,,
,8635,,,,,67,0.10989203304052353,0.19855600595474243,0.7656664848327637,0.8759944438934326
0.001,8636,,,,,,,,,
,8762,0.1053733304142952,0.19033682346343994,0.7761206030845642,0.8857731223106384,68,,,,
,8762,,,,,68,0.10973435640335083,0.1982092261314392,0.766143798828125,0.8760932683944702
0.001,8763,,,,,,,,,
,8889,0.10993512719869614,0.19887509942054749,0.7660406231880188,0.884163498878479,69,,,,
,8889,,,,,69,0.10954494774341583,0.19792994856834412,0.7664538025856018,0.8760159015655518
0.001,8890,,,,,,,,,
,9016,0.10513931512832642,0.18995387852191925,0.7765724062919617,0.8846448659896851,70,,,,
,9016,,,,,70,0.10963982343673706,0.19814538955688477,0.7662273645401001,0.8763527870178223
0.001,9017,,,,,,,,,
,9143,0.1058991551399231,0.19134840369224548,0.774930477142334,0.8857162594795227,71,,,,
,9143,,,,,71,0.10926628857851028,0.1974119246006012,0.7670098543167114,0.8765907287597656
0.001,9144,,,,,,,,,
,9270,0.10806113481521606,0.19520387053489685,0.770392656326294,0.8859795928001404,72,,,,
,9270,,,,,72,0.10933465510606766,0.19755691289901733,0.7668649554252625,0.8762949705123901
0.001,9271,,,,,,,,,
,9397,0.1119857132434845,0.20246003568172455,0.761828601360321,0.8861896395683289,73,,,,
,9397,,,,,73,0.10954955965280533,0.19798511266708374,0.7663235664367676,0.8761734366416931
0.001,9398,,,,,,,,,
,9524,0.1017591580748558,0.18375785648822784,0.7838703989982605,0.8859506845474243,74,,,,
,9524,,,,,74,0.10936202853918076,0.19757774472236633,0.7668259143829346,0.8765240907669067
0.001,9525,,,,,,,,,
,9651,0.10481102019548416,0.18920131027698517,0.7774506211280823,0.8859151005744934,75,,,,
,9651,,,,,75,0.10979880392551422,0.19848011434078217,0.7658222317695618,0.876211404800415
0.001,9652,,,,,,,,,
,9778,0.10585974901914597,0.19132323563098907,0.7749626636505127,0.8854745626449585,76,,,,
,9778,,,,,76,0.10906659066677094,0.19698049128055573,0.7675514221191406,0.8766568303108215
0.001,9779,,,,,,,,,
,9905,0.10315064340829849,0.18628759682178497,0.7809051275253296,0.8863336443901062,77,,,,
,9905,,,,,77,0.10940398275852203,0.19771696627140045,0.7666620016098022,0.8763958215713501
0.001,9906,,,,,,,,,
,10032,0.10576694458723068,0.19084438681602478,0.7755005359649658,0.8845757246017456,78,,,,
,10032,,,,,78,0.10913881659507751,0.19722773134708405,0.7672341465950012,0.8767496347427368
0.001,10033,,,,,,,,,
,10159,0.10554418712854385,0.19065338373184204,0.7757281064987183,0.8856584429740906,79,,,,
,10159,,,,,79,0.1092061921954155,0.19728092849254608,0.7672734260559082,0.8768796324729919
0.001,10160,,,,,,,,,
,10286,0.10709398239850998,0.1935369372367859,0.7723512053489685,0.8859215378761292,80,,,,
,10286,,,,,80,0.1092502623796463,0.19735468924045563,0.7670125961303711,0.8769803047180176
0.001,10287,,,,,,,,,
,10413,0.10465190559625626,0.18895143270492554,0.7777426838874817,0.8860202431678772,81,,,,
,10413,,,,,81,0.10940269380807877,0.19765087962150574,0.7667834162712097,0.876679539680481
0.001,10414,,,,,,,,,
,10540,0.10231100022792816,0.1847679764032364,0.7826794385910034,0.8860155940055847,82,,,,
,10540,,,,,82,0.1088826134800911,0.1967061460018158,0.7678478956222534,0.8769931793212891
0.001,10541,,,,,,,,,
,10667,0.10725279152393341,0.19384686648845673,0.7719903588294983,0.8863145709037781,83,,,,
,10667,,,,,83,0.10871241241693497,0.19637908041477203,0.7682062387466431,0.8771440982818604
0.001,10668,,,,,,,,,
,10794,0.10405971854925156,0.18805432319641113,0.7788267135620117,0.885991632938385,84,,,,
,10794,,,,,84,0.10861687362194061,0.19627413153648376,0.7684643864631653,0.8773701786994934
0.001,10795,,,,,,,,,
,10921,0.10161682963371277,0.18353718519210815,0.784156858921051,0.8862774968147278,85,,,,
,10921,,,,,85,0.10874038189649582,0.19645260274410248,0.7681180834770203,0.8771049380302429
0.001,10922,,,,,,,,,
,11048,0.10767029225826263,0.19443002343177795,0.7712743878364563,0.8856310248374939,86,,,,
,11048,,,,,86,0.10865049809217453,0.19629956781864166,0.7684634923934937,0.877419650554657
0.001,11049,,,,,,,,,
,11175,0.10244280099868774,0.1850568652153015,0.7823474407196045,0.886216402053833,87,,,,
,11175,,,,,87,0.10892455279827118,0.19681303203105927,0.7678052186965942,0.8772634267807007
0.001,11176,,,,,,,,,
,11302,0.10960131138563156,0.19802679121494293,0.7670650482177734,0.885528564453125,88,,,,
,11302,,,,,88,0.10855497419834137,0.1960461586713791,0.7686193585395813,0.8773078322410583
0.001,11303,,,,,,,,,
,11429,0.10555612295866013,0.19073322415351868,0.775646448135376,0.8853068351745605,89,,,,
,11429,,,,,89,0.10877079516649246,0.1965159773826599,0.7680437564849854,0.8771584033966064
0.001,11430,,,,,,,,,
,11556,0.10428832471370697,0.18842652440071106,0.7783802151679993,0.8860106468200684,90,,,,
,11556,,,,,90,0.10859744250774384,0.19625014066696167,0.7684414982795715,0.8774044513702393
0.001,11557,,,,,,,,,
,11683,0.10321567207574844,0.1863737404346466,0.78078693151474,0.886212170124054,91,,,,
,11683,,,,,91,0.10850375890731812,0.19608505070209503,0.7686154842376709,0.8773841261863708
0.001,11684,,,,,,,,,
,11810,0.1028791218996048,0.18578489124774933,0.7814807295799255,0.886033296585083,92,,,,
,11810,,,,,92,0.10844455659389496,0.1959235817193985,0.768851101398468,0.8776999115943909
0.001,11811,,,,,,,,,
,11937,0.10307127237319946,0.18612568080425262,0.7810806632041931,0.8864480257034302,93,,,,
,11937,,,,,93,0.1083209216594696,0.19566458463668823,0.7690860033035278,0.8777788281440735
0.001,11938,,,,,,,,,
,12064,0.10209914296865463,0.18450886011123657,0.78302001953125,0.8855007290840149,94,,,,
,12064,,,,,94,0.10860217362642288,0.19618427753448486,0.7685436606407166,0.8776668906211853
0.001,12065,,,,,,,,,
,12191,0.10224158316850662,0.1846752166748047,0.7828032970428467,0.8856555819511414,95,,,,
,12191,,,,,95,0.10821232199668884,0.19552810490131378,0.7692751884460449,0.8778362274169922
0.001,12192,,,,,,,,,
,12318,0.10365889966487885,0.18710099160671234,0.7799251675605774,0.8863504528999329,96,,,,
,12318,,,,,96,0.1083412915468216,0.1957370489835739,0.769001305103302,0.8776780962944031
0.001,12319,,,,,,,,,
,12445,0.1033320352435112,0.1865939497947693,0.7805212736129761,0.886472761631012,97,,,,
,12445,,,,,97,0.10835570096969604,0.19578596949577332,0.7689197659492493,0.8775483965873718
0.001,12446,,,,,,,,,
,12572,0.10176638513803482,0.18378838896751404,0.7838449478149414,0.8864293694496155,98,,,,
,12572,,,,,98,0.10842430591583252,0.19590719044208527,0.768773078918457,0.8775025606155396
0.001,12573,,,,,,,,,
,12699,0.10200680047273636,0.1842672973871231,0.7832779288291931,0.8864198327064514,99,,,,
,12699,,,,,99,0.10830997675657272,0.19568441808223724,0.7690914273262024,0.8776466250419617
0.001,12700,,,,,,,,,
,12826,0.10524728894233704,0.19001813232898712,0.7764836549758911,0.886299729347229,100,,,,
,12826,,,,,100,0.10836276412010193,0.1958342045545578,0.7688869833946228,0.877509355545044
0.001,12827,,,,,,,,,
,12953,0.10897839069366455,0.19661860167980194,0.7687075734138489,0.8859983086585999,101,,,,
,12953,,,,,101,0.10820480436086655,0.1954946666955948,0.7693061232566833,0.877731204032898
0.001,12954,,,,,,,,,
,13080,0.10147275030612946,0.18327656388282776,0.7844581007957458,0.8860733509063721,102,,,,
,13080,,,,,102,0.1081099733710289,0.19531957805156708,0.7695605754852295,0.8780627250671387
0.001,13081,,,,,,,,,
,13207,0.10237231105566025,0.18482205271720886,0.7826085686683655,0.885834276676178,103,,,,
,13207,,,,,103,0.10797873139381409,0.19503356516361237,0.7697902917861938,0.8780527710914612
0.001,13208,,,,,,,,,
,13334,0.10146455466747284,0.18320491909980774,0.78453528881073,0.8861919641494751,104,,,,
,13334,,,,,104,0.107711561024189,0.19457578659057617,0.7704439759254456,0.8783812522888184
0.001,13335,,,,,,,,,
,13461,0.10501743853092194,0.18974284827709198,0.7768340706825256,0.8862518072128296,105,,,,
,13461,,,,,105,0.10792998969554901,0.19498233497142792,0.7698990702629089,0.8780694007873535
0.001,13462,,,,,,,,,
,13588,0.10381224006414413,0.1874159276485443,0.7795537114143372,0.8860055804252625,106,,,,
,13588,,,,,106,0.10780835896730423,0.19477419555187225,0.770125687122345,0.8781113624572754
0.001,13589,,,,,,,,,
,13715,0.10739633440971375,0.19389764964580536,0.7718961238861084,0.8852672576904297,107,,,,
,13715,,,,,107,0.10796745121479034,0.19504314661026,0.7698679566383362,0.8779114484786987
0.001,13716,,,,,,,,,
,13842,0.10250367224216461,0.1850142925977707,0.7823861241340637,0.8861037492752075,108,,,,
,13842,,,,,108,0.10795461386442184,0.19505679607391357,0.7696974277496338,0.8779191970825195
0.001,13843,,,,,,,,,
,13969,0.10336355119943619,0.18653786182403564,0.7805930972099304,0.8861778378486633,109,,,,
,13969,,,,,109,0.10779955983161926,0.1947992593050003,0.7700572609901428,0.8781731128692627
0.001,13970,,,,,,,,,
,14096,0.10729484260082245,0.19379830360412598,0.7720290422439575,0.8857003450393677,110,,,,
,14096,,,,,110,0.10782545059919357,0.1948317587375641,0.7701156735420227,0.8781298398971558
0.001,14097,,,,,,,,,
,14223,0.10451410710811615,0.188690647482872,0.7780532240867615,0.8862420320510864,111,,,,
,14223,,,,,111,0.10822758078575134,0.1955719292163849,0.7692074179649353,0.8775961995124817
0.001,14224,,,,,,,,,
,14350,0.10214052349328995,0.1844475269317627,0.7830568552017212,0.8864882588386536,112,,,,
,14350,,,,,112,0.10768463462591171,0.19456151127815247,0.7703589797019958,0.878206729888916
0.001,14351,,,,,,,,,
,14477,0.10321692377328873,0.18641863763332367,0.7807438969612122,0.8857260346412659,113,,,,
,14477,,,,,113,0.10774692893028259,0.1947128027677536,0.7703251242637634,0.8782508373260498
0.001,14478,,,,,,,,,
,14604,0.10524016618728638,0.18999408185482025,0.7765242457389832,0.8859134912490845,114,,,,
,14604,,,,,114,0.10776501893997192,0.19467349350452423,0.7702414989471436,0.8782835602760315
0.001,14605,,,,,,,,,
,14731,0.1067211925983429,0.19271056354045868,0.7733099460601807,0.8862192034721375,115,,,,
,14731,,,,,115,0.10773267596960068,0.1946733593940735,0.7702317237854004,0.8781055212020874
0.001,14732,,,,,,,,,
,14858,0.10212606936693192,0.18437425792217255,0.7831423878669739,0.8865369558334351,116,,,,
,14858,,,,,116,0.10754291713237762,0.19430701434612274,0.7706364393234253,0.8784180879592896
0.001,14859,,,,,,,,,
,14985,0.10146020352840424,0.18324342370033264,0.784493088722229,0.8863993287086487,117,,,,
,14985,,,,,117,0.10752349346876144,0.19422754645347595,0.7707390785217285,0.8783979415893555
0.001,14986,,,,,,,,,
,15112,0.10579732805490494,0.19096702337265015,0.7753718495368958,0.8859952092170715,118,,,,
,15112,,,,,118,0.10740629583597183,0.19406931102275848,0.7710232138633728,0.8785287141799927
0.001,15113,,,,,,,,,
,15239,0.10446625202894211,0.18857593834400177,0.7781736254692078,0.8857347965240479,119,,,,
,15239,,,,,119,0.10742145031690598,0.19404447078704834,0.770984411239624,0.8786624073982239
0.001,15240,,,,,,,,,
,15366,0.10405156761407852,0.18781216442584991,0.7790833711624146,0.8862409591674805,120,,,,
,15366,,,,,120,0.10761230438947678,0.1943673938512802,0.7705404758453369,0.8785744309425354
0.001,15367,,,,,,,,,
,15493,0.10598369687795639,0.19133417308330536,0.7749292850494385,0.8858548998832703,121,,,,
,15493,,,,,121,0.10743682086467743,0.19404105842113495,0.7710835933685303,0.878710925579071
0.001,15494,,,,,,,,,
,15620,0.10405401885509491,0.1878952980041504,0.7789868116378784,0.8858999609947205,122,,,,
,15620,,,,,122,0.10709968954324722,0.19352145493030548,0.7716270089149475,0.878805935382843
0.001,15621,,,,,,,,,
,15747,0.10162860155105591,0.18345777690410614,0.7842341661453247,0.8865213990211487,123,,,,
,15747,,,,,123,0.10723184794187546,0.19372904300689697,0.771401584148407,0.8787466883659363
0.001,15748,,,,,,,,,
,15874,0.10529152303934097,0.1901005655527115,0.7763863205909729,0.8858489990234375,124,,,,
,15874,,,,,124,0.1072796955704689,0.1938140094280243,0.7713634371757507,0.8789122104644775
0.001,15875,,,,,,,,,
,16001,0.10820276290178299,0.19533082842826843,0.7702192068099976,0.8855555057525635,125,,,,
,16001,,,,,125,0.10780731588602066,0.19473494589328766,0.770139217376709,0.8784242272377014
0.001,16002,,,,,,,,,
,16128,0.102339006960392,0.18482059240341187,0.7826159000396729,0.8869276642799377,126,,,,
,16128,,,,,126,0.10729946196079254,0.19383490085601807,0.7712742686271667,0.8788959383964539
0.001,16129,,,,,,,,,
,16255,0.10625883936882019,0.19203859567642212,0.7741096019744873,0.8854826092720032,127,,,,
,16255,,,,,127,0.10739470273256302,0.19402317702770233,0.7710282802581787,0.878717303276062
0.001,16256,,,,,,,,,
,16382,0.1070079430937767,0.1931779980659485,0.7727555632591248,0.8856865763664246,128,,,,
,16382,,,,,128,0.10725487023591995,0.19374296069145203,0.7714126110076904,0.878838837146759
0.001,16383,,,,,,,,,
,16509,0.10368803143501282,0.1872340440750122,0.7797824144363403,0.8865129351615906,129,,,,
,16509,,,,,129,0.10703818500041962,0.1933562010526657,0.7718454599380493,0.8790915012359619
0.001,16510,,,,,,,,,
,16636,0.10861559957265854,0.19618074595928192,0.7692175507545471,0.8861527442932129,130,,,,
,16636,,,,,130,0.10696689039468765,0.19323980808258057,0.7719740271568298,0.8791509866714478
0.001,16637,,,,,,,,,
,16763,0.1024356335401535,0.18497566878795624,0.7824535369873047,0.8861261010169983,131,,,,
,16763,,,,,131,0.1073593720793724,0.19393089413642883,0.7711178064346313,0.8787405490875244
0.001,16764,,,,,,,,,
,16890,0.10206954926252365,0.18417228758335114,0.7833957672119141,0.8866446018218994,132,,,,
,16890,,,,,132,0.10689707845449448,0.19307547807693481,0.7722265124320984,0.8791599273681641
0.001,16891,,,,,,,,,
,17017,0.10376206040382385,0.1872880756855011,0.7797134518623352,0.8863850235939026,133,,,,
,17017,,,,,133,0.1071392074227333,0.1935575306415558,0.7717095613479614,0.8790803551673889
0.001,17018,,,,,,,,,
,17144,0.10136492550373077,0.18304866552352905,0.784730076789856,0.8865010738372803,134,,,,
,17144,,,,,134,0.10679031908512115,0.1929430365562439,0.7723433971405029,0.879213809967041
0.001,17145,,,,,,,,,
,17271,0.10192452371120453,0.18406572937965393,0.783532440662384,0.8861768841743469,135,,,,
,17271,,,,,135,0.1069759875535965,0.19329170882701874,0.7718587517738342,0.8790176510810852
0.001,17272,,,,,,,,,
,17398,0.10447797924280167,0.18853014707565308,0.7782453298568726,0.8859864473342896,136,,,,
,17398,,,,,136,0.10720504820346832,0.19369807839393616,0.7714033126831055,0.8789419531822205
0.001,17399,,,,,,,,,
,17525,0.10487198829650879,0.18941111862659454,0.7772014141082764,0.8860504627227783,137,,,,
,17525,,,,,137,0.10701210051774979,0.19330282509326935,0.7718352675437927,0.8789741396903992
0.001,17526,,,,,,,,,
,17652,0.10111784189939499,0.1825416088104248,0.78533536195755,0.8865454792976379,138,,,,
,17652,,,,,138,0.10693587362766266,0.1931796818971634,0.772104799747467,0.8791723847389221
0.001,17653,,,,,,,,,
,17779,0.10621289163827896,0.19176256656646729,0.7744395732879639,0.8857873678207397,139,,,,
,17779,,,,,139,0.10691577196121216,0.19316227734088898,0.7720880508422852,0.8791821002960205
0.001,17780,,,,,,,,,
,17906,0.10162022709846497,0.18342407047748566,0.7842715382575989,0.8867844343185425,140,,,,
,17906,,,,,140,0.1070999801158905,0.19345897436141968,0.7716856002807617,0.8789737820625305
0.001,17907,,,,,,,,,
,18033,0.10219509154558182,0.18442273139953613,0.7830936312675476,0.8865918517112732,141,,,,
,18033,,,,,141,0.10710170865058899,0.1934661716222763,0.7716957330703735,0.8791253566741943
0.001,18034,,,,,,,,,
,18160,0.10332660377025604,0.18650278449058533,0.7806410193443298,0.8863994479179382,142,,,,
,18160,,,,,142,0.10693562030792236,0.193184494972229,0.7719770669937134,0.8791709542274475
0.001,18161,,,,,,,,,
,18287,0.1053721085190773,0.19014206528663635,0.7763366103172302,0.8858484625816345,143,,,,
,18287,,,,,143,0.10712724924087524,0.1935211569070816,0.7715880870819092,0.8790581822395325
0.001,18288,,,,,,,,,
,18414,0.1015511304140091,0.18344746530056,0.7842540144920349,0.8864646553993225,144,,,,
,18414,,,,,144,0.10672388225793839,0.1927879899740219,0.7724980115890503,0.8793005347251892
0.001,18415,,,,,,,,,
,18541,0.10293334722518921,0.1857316642999649,0.7815493941307068,0.8866349458694458,145,,,,
,18541,,,,,145,0.10671011358499527,0.19277125597000122,0.7725354433059692,0.8794415593147278
0.001,18542,,,,,,,,,
,18668,0.10143199563026428,0.1830618977546692,0.7846940755844116,0.886970579624176,146,,,,
,18668,,,,,146,0.10684388875961304,0.192999467253685,0.7721635699272156,0.8792340755462646
0.001,18669,,,,,,,,,
,18795,0.1041986346244812,0.18813593685626984,0.77870774269104,0.8862691521644592,147,,,,
,18795,,,,,147,0.10657452791929245,0.1924944669008255,0.7728227972984314,0.8795570135116577
0.001,18796,,,,,,,,,
,18922,0.10311044007539749,0.1862485557794571,0.7809394001960754,0.8862119913101196,148,,,,
,18922,,,,,148,0.10665107518434525,0.19270676374435425,0.7725631594657898,0.8793125748634338
0.001,18923,,,,,,,,,
,19049,0.10321107506752014,0.18621860444545746,0.7809566855430603,0.8866295218467712,149,,,,
,19049,,,,,149,0.10672502964735031,0.1928567886352539,0.7724177837371826,0.8793508410453796
0.001,19050,,,,,,,,,
,19176,0.10200676321983337,0.18422159552574158,0.783332109451294,0.8866913914680481,150,,,,
,19176,,,,,150,0.10698339343070984,0.1932820826768875,0.7719696164131165,0.8791875243186951
0.001,19177,,,,,,,,,
,19303,0.10225917398929596,0.18452592194080353,0.7829857468605042,0.8860199451446533,151,,,,
,19303,,,,,151,0.10678340494632721,0.192952498793602,0.772314190864563,0.8792338967323303
0.001,19304,,,,,,,,,
,19430,0.1034274771809578,0.18675462901592255,0.7803332209587097,0.8863931894302368,152,,,,
,19430,,,,,152,0.10676126927137375,0.19283407926559448,0.7724367380142212,0.8794687390327454
0.001,19431,,,,,,,,,
,19557,0.10229133069515228,0.1847495287656784,0.7827138304710388,0.8864024877548218,153,,,,
,19557,,,,,153,0.10645032674074173,0.1922655552625656,0.7730193138122559,0.8796129822731018
0.001,19558,,,,,,,,,
,19684,0.10181941092014313,0.1837281435728073,0.7839108109474182,0.8867975473403931,154,,,,
,19684,,,,,154,0.10672298818826675,0.19276569783687592,0.7724263072013855,0.8794196248054504
0.001,19685,,,,,,,,,
,19811,0.10261685401201248,0.18530111014842987,0.782051146030426,0.8865659832954407,155,,,,
,19811,,,,,155,0.10653071105480194,0.19241654872894287,0.77290940284729,0.8795990943908691
0.001,19812,,,,,,,,,
,19938,0.10189292579889297,0.18390336632728577,0.783708393573761,0.8864784240722656,156,,,,
,19938,,,,,156,0.1067696213722229,0.19291219115257263,0.7723419666290283,0.879459798336029
0.001,19939,,,,,,,,,
,20065,0.10473605990409851,0.18911993503570557,0.7775365114212036,0.8864460587501526,157,,,,
,20065,,,,,157,0.10656819492578506,0.19245438277721405,0.7728440761566162,0.8795604109764099
0.001,20066,,,,,,,,,
,20192,0.10172784328460693,0.18361397087574005,0.7840688228607178,0.8867437243461609,158,,,,
,20192,,,,,158,0.1063864454627037,0.19216404855251312,0.773233950138092,0.879753053188324
0.001,20193,,,,,,,,,
,20319,0.10180820524692535,0.18378527462482452,0.783855140209198,0.8861673474311829,159,,,,
,20319,,,,,159,0.10671474784612656,0.19271710515022278,0.7725189924240112,0.879605770111084
0.001,20320,,,,,,,,,
,20446,0.10108348727226257,0.18245533108711243,0.7854106426239014,0.8868486285209656,160,,,,
,20446,,,,,160,0.10632248222827911,0.19202390313148499,0.7734789848327637,0.8798555135726929
0.001,20447,,,,,,,,,
,20573,0.10255628079175949,0.1850443184375763,0.782349705696106,0.8869953155517578,161,,,,
,20573,,,,,161,0.10624315589666367,0.19193744659423828,0.7734843492507935,0.8798782825469971
0.001,20574,,,,,,,,,
,20700,0.10115049034357071,0.1826588660478592,0.7851719260215759,0.8866684436798096,162,,,,
,20700,,,,,162,0.10642337799072266,0.19231386482715607,0.7730939388275146,0.8796254992485046
0.001,20701,,,,,,,,,
,20827,0.10126251727342606,0.18280591070652008,0.7850011587142944,0.886522114276886,163,,,,
,20827,,,,,163,0.10650650411844254,0.19242554903030396,0.7729142904281616,0.8796039819717407
0.001,20828,,,,,,,,,
,20954,0.10124748945236206,0.18274888396263123,0.7850778698921204,0.8868477940559387,164,,,,
,20954,,,,,164,0.10626411437988281,0.1919182986021042,0.7735691070556641,0.8799147605895996
0.001,20955,,,,,,,,,
,21081,0.10459578782320023,0.18874984979629517,0.7779631614685059,0.8866043090820312,165,,,,
,21081,,,,,165,0.10622013360261917,0.1918211728334427,0.7736596465110779,0.8799519538879395
0.001,21082,,,,,,,,,
,21208,0.10429873317480087,0.18841664493083954,0.7783800363540649,0.8857583403587341,166,,,,
,21208,,,,,166,0.10637986660003662,0.19216422736644745,0.7733100652694702,0.8799316883087158
0.001,21209,,,,,,,,,
,21335,0.10206587612628937,0.1842111349105835,0.7833386063575745,0.8866878747940063,167,,,,
,21335,,,,,167,0.10631221532821655,0.192027285695076,0.7734602689743042,0.8798865079879761
0.001,21336,,,,,,,,,
,21462,0.10183412581682205,0.18383848667144775,0.7837781310081482,0.8866130113601685,168,,,,
,21462,,,,,168,0.10665681958198547,0.1926637589931488,0.7726895809173584,0.8796308040618896
0.001,21463,,,,,,,,,
,21589,0.10164505243301392,0.183431476354599,0.7842638492584229,0.8862351775169373,169,,,,
,21589,,,,,169,0.10611491650342941,0.19162604212760925,0.7738913297653198,0.8800883889198303
0.001,21590,,,,,,,,,
,21716,0.10255031287670135,0.18509788811206818,0.7823107242584229,0.8857762813568115,170,,,,
,21716,,,,,170,0.10615617781877518,0.19176867604255676,0.7737053632736206,0.8799730539321899
0.001,21717,,,,,,,,,
,21843,0.10205656290054321,0.18415634334087372,0.7834026217460632,0.8864233493804932,171,,,,
,21843,,,,,171,0.1061355471611023,0.19165007770061493,0.7737637162208557,0.8800473213195801
0.001,21844,,,,,,,,,
,21970,0.10221266001462936,0.18447081744670868,0.7830480933189392,0.8862820863723755,172,,,,
,21970,,,,,172,0.10625059902667999,0.19195133447647095,0.7735084295272827,0.8799508213996887
0.001,21971,,,,,,,,,
,22097,0.10174539685249329,0.18367651104927063,0.7839673161506653,0.8865225911140442,173,,,,
,22097,,,,,173,0.1062455102801323,0.19194287061691284,0.7734139561653137,0.8799164891242981
0.001,22098,,,,,,,,,
,22224,0.10140801966190338,0.18305042386054993,0.7847194671630859,0.8868463039398193,174,,,,
,22224,,,,,174,0.10635809600353241,0.19212818145751953,0.7732707858085632,0.8798332810401917
0.001,22225,,,,,,,,,
